tweet;label
 kontol udh sok jagoan ngedoxx salah org masih ada pembelaan lgi anjingwe have a warehouse of evidence why his ass should be canceled he should not get another gig;2
 anjing pintar;0
tidak semua anjing berbentuk hewankumaha barudak;2
   pls adain vote beruang vs anjing ;2
  otak klo cment dipakai  asal mangap aja ga pakai aturankritik boleh jg ngebulypemain mida smapai r16 dr qual masih dibacotinanjing lo;2
anjing gue takut banget elim kali ini;2
 israel anjing;2
sakit pinggang anjing;2
 maap tp anjing laut kan itu ;1
twitter sekarang ada logo anjing nyaa wkwkkw;1
 iya betul bakmi nya pake filter anjing;1
 kok cakep amat anjing cewe renjun ini;0
 gw udah lupa anjing;1
    sakit hati anjing;2
gue baru aja hari ini bersyukur ga limit dm tau taunya langsu bgt limit anjing;2
dibeli 2 dong anjing ;2
blunder mulu anjing;2
 ainggg kwkw ngomong anjing ke circle yg kalo kumpul pake gamis auto shock semua euy mukanya;1
 tp cocok sih mengingat banyak warga yg kelakuannya makin kesini makin kyk anjing;2
i wont stop talking about this soalnya gw nyesel banget anjing sumpah;2
 anjing lu;2
 gakuat anjing range kaja gak sampe semeter kayaknya udah di flicker masih gak sampe ;1
 sanglat anjing ;2
 oh anjing wkwkw paham maap;1
nemu orang di space mirip dustin capek ketawa anjing;2
 yang satu rill anjing;2
  anjing kamu xena ;2
anjing isi reels ambatukam semua;2
waktu shin nyiram minuman ke takumi anjing puasss favo banget;1
 udah ah anjing reia;1
ancrittttt ini rambut sudah seperti jamet boncenh tiga kaos pelangi anjing aku pengen itemin lagi tapi nanti susah lagi kalo mau cat lagi;1
 bener sihhh makin banyak drama giliran yang baik nya lu cut anjing  ;2
 tapi itu anjing samoyed tau kak keliatan ;2
anjing;2
netizen yng pikirannya bgni pantes dikatain anjing gak semua solusi apapun itu nikah cok;2
kamis minggu 2 kayanya emang anjing deh;2
 jujur bngt lagi anjing;1
 lu segala bawa trauma anjing;2
aduh nangisin meme ini anjing emg wkakakwkwjehejekakwkwkwkwkwhwk ;2
ih gua tambah najis anjing liat mereka;2
anjing;2
          iyalah anjing;2
anjing;2
 anjing mau;2
 oohh anjing yaja;2
demi allah pak lu serem banget  pedo anjing sgala tau tu cwe sharusnya kelas 2 lah jodoh gak akan kemana lah anjggg;2
ngakak banget anjing waktu kishimoto bilang aku tidak mengerti kenapa dia populer padahal dia tidak melakukan apapun trus adegan di anime yang kakashi bilang hinata kau populer berkat line mu nanaruto kun bisakah kau mengatakan nya lagi;1
sumpah gue kesel banget nonton nyamnet gak jelas anjing;2
 iyaaa jadi anjing;1
 meskipun gw gk jls tp pls diemin aj itu org iri gk bs punya cewe kek elu  tai lh knp sih cowok kek anjing;2
 anjing wkwkwkwm;1
emg anjing ni org2 kekgini keinget kk ku bahkan abis nguburin papa lgsng diginiin;2
 sini lu maju netijen anjing misi dipin timnis indinisi gimini kili u20 dibinnid fifi pikirin noh masa depan lu yang surem;2
 b aja anjing gw mah udah nyaman jomblo;1
udah dibantuin trs ngomel lo kerja sendiri aja anjing gausah minta bantuan orang;2
anjing parah bgt dah pia nih;2
ih anjing gua sih males;2
  idih anjing udah gila ni orang;2
    ih anjing geli ih nash ih dijilat;2
sumpah dah anjing bikin marahmarah doang ngabers sangean begitu;2
gatau diri anjing;2
maybe i should stop overthinking gapapa sih gw dihide dari story itu hak orang dan lagian w jg sering ngehide tp gw selama ini baik ke org ini mayat hewan percobaan aja gw yg buangin jadi kan gw bingung salah apa anjing;1
semoga lu kena batunya ya anjing ditunggu ;2
 uhm anjing jah;2
buat bocil kalo main petasan jangan di jalanan anjing gua bawa motor kagetnya real pengen jemping ngntt ;2
 editor mnetmending diganti gua aja deh editornya amatir bgt anjing;2
bangsat cakep banget sih anjing gw gila ;0
memekkk kontoll anjing stop uts dan tugas ini ngentot;2
 naudzubillah pedofil mana pd banget lagi anjing;2
 anjing hahahahaha;1
 apasi anjing;1
 anjing;2
bocah ngalen anjing;2
 ehh baru nyadar lagiiii klo gambarnya anjing bukan burng biru;2
anjing gasuka aing ngerasain emosi yang ketahan gini bangsat;2
ndak ade manusie yang tahan minum obat tiap hari tanpa putus anjing lah apa aku minum aja semuanya biar kelar ni hidup;2
anjing nangis banget;1
gua juga tau kali itu punya lu gaada niat mau dan pengen juga anjing cowok lu yang ngechat gua kontol tar gua ga respon dibilang gua sombong;2
 wgwgwgwgwgwgw beneran anjing kirain boong;1
wah anjing lu ar mohon dibaca dengan tone bagus karena ini sukses hati gue patah lagi;1
 anjing;1
keinget dia puk2 cewe itukesel tapi bukan siapa2 dan inget banget tadi ngelihat dari sudut mata dia lagi toel diaaaaa anjing lu pada;2
 aplikasi anjing;2
bacot bgt anjing;2
tatapan sinis anjing ku ini cukup menunjukkan betapa bacot nya anda dan kesekian kalinya anda termakan omongan anda sendiri kesekian kalinya pula anda menunjukkan bahwa anda tidak layak dipercayaselamat dan sukses terus buat anda ;2
anjing;1
wkwk anjing gua mulu yg salah;1
 semangat jalani hari anjing ini;1
masalahnya 450 jam dari 720 jam dalam sebulan lu habisin di tempat ketja sisanya cuma buat tidur buat ngurus diri sendiri aja ga ada ya anjing;1
mana ngasih uang harian cuma 5k apaan tuh seblak dimana2 juga udah 10k keatas anjir buat beli bakso dapet seuprit doang makan keselek karena ga ada minum heran sama karyawan lama kok bisa dan betah kerja 15 jam sehari ga ada hari libur dapet gaji cuma sejuta anjing;2
 etlis nulis nama gw yg bener lah anjing;2
archon questnya bikin puyebg anjing;2
lu semua anjing yang send ht thx shwan;2
 anjing apa nih brengsek;2
woi si anjing;2
anjing lu;2
anjing main buang sembarangan gak minta ijin dulu gak ngomong dulu bangsat;2
dahlah emng anjing si mnet asu;2
   eh tapi aku juga liatnya beruang asli sorry baru tau juga kalau itu anjing;2
kalau belajar sampah perangai elok takpe lagi babi ni dah la bodo perangai cam sial lak ala anak anjing;2
anjing lah ini nyamuk satu ga matimati ga tau kah gue lagi kesel bgt sama mnet jancok;2
cowoku ganteng banget anjing na jaemin ;0
plis baca chat gua anjing;1
anjing jadi dia gue ga expect kalok itu tuh janen tunggu gue mau nangis ;1
 perbedaan antara jenis konten yang berbeda dianggap bertentangan dengan anggapan bahwa satu dan kepercayaan yang sama berasal dari manusia dan hewan ini menunjukkan bahwa baik sarah dan anjing percaya bahwa p bukanlah kepalsuan seperti zeugma;0
seokmin luuu anjing;2
ada aja anjing tololnya;2
ngentotottt tri anjing;2
anjing;1
anjer gue kira tadi gue buka by web gue settingan logonya anjing gitu;2
anjingsupermacy bangetga kepikiran kipopan saat ini bisa liat mereka semua se frame;2
cowo anjing;2
 ini tahun berapa anjing;2
aku kalau balik kampung husb mmg laluan dia keliling hutan kerbau lembu anjing mmg ada je tepi jalanselalu pesan kat husb jangan laju2 kang tiber binatang lintas so mmg kitorang akan hati2 lalu jalan kampung;1
ya allahhhhh mnet lu kek bajingan anjing;2
 kata gue jangan dimaapin anjing orang tolol begini daridulu gobloknya berlanjut terus heran;2
 dari burung terbang jadi anjing terbang;1
 anjing diingetin semesta banyak bgt ngutang sama gue itu;2
 pulici isi y anjing semua;2
di bilang beban sama temen yg udh aku anggap deket banget eh pas ditegur malah ngomong jangan baper alaah tai kucing ga baper aku anjing;2
emang si  anjing;2
mnet anjing mnet anjinggggg;2
 anjing beneran  ;1
aaaaa anjing;1
uts sampai 3 minggu tuh konsepnya gimana anjing ih;1
 mnet yg betul aja anjing;1
itu karna w kali y yg bilang cb kl yg lain ude nurut dh tu psti si anak anjing;2
makin kesini makin goblok anjing;2
 malu anjing;1
  gua pernah di aeon nder lagi deeptalk sama temen kursinya tuhkan ada penyangga tinggi kita sampe berhenti nengok keatas ternyata ada yg nawarin bank gini sumpah ganggu suasana anjing;2
dua kali salah akun is the another level of tolol banget anjing;2
 anjing wkwkwkw;1
 anjing jahat banget jancok;2
ini kenapa gua setiap buka ml ngecrash anjing;2
 hahaha anjing;1
anjing amat ya gua dari tadi galauin bang windah;2
ini pake logo anjing gini kyk buka website thn 2008 dah;2
anjing kok bisa sih;1
sumpah mnet kali ini beneran kek anjing;2
ni cwo red flag bgt anjing;2
anjing brisik betul;2
 lucu banget anjing;1
web udah jadi anjing tapi apps masih burung ;1
ini kucing gue kenapa kayak anjing kerjaannya ngendus muka;0
cowo anjing yang gak punya otak kek gini nih gue aja sakit hati banget bacanya anjing apalagi mbanya gila lo semua semoga ngerasain pelecehan seksual biar tau rasanya di posisi korban anjing;2
fyp anjing  ;1
gue seneng bangettt over me menang tapi anjing lah switch tim ;1
 anjing gw merinding bgt baca notif lu nan;1
        anjing;1
si anjing ada;1
 aku suka anjing;0
udah ga sehat ni anjing waktunya mengurangi;0
knp buka twitter di laptop malah gambar anjing;1
        eh anjing;1
 gue yang gak minus aja sampe nyipit mata nyari kaos anjinglebih parah hotdog sih  gila capek gue;1
 anjing orang sunda tinggal di bekasi aja udah aneh;2
anjing ian affectionately platonically ;1
 anjing gua bokem darimananya kece badai gini guah jiakh makasih makin cinta aku sama pacar mudaku;0
 gak tau tuh akun tadi saya sempet rt tweet nya dia gak tau kenapa kok tiba saya di blok akun aneh fotonya belum tentu dia  anjing tanah tuh akun;1
lo orang terjahat anjing;2
mata gue kaya orng need sleep bgt anjing tp gue nya gbs tidur mau berdiri juga gakuat;2
sejak bila pulak kakak jadi term utk housemaid je ni org panggil housemaid kakak bcs it has a respectful friendly tone within the family pukimak lah korang niiiii menyusahkan benda yg simple lah anjing;2
 bisabisanya anjing;2
gw cape bgt anjing sama dunia;2
 anjing panggang kaugigi ompong lo msh ada yakl msh ada nih gw beri bogem lg njing ;2
  emg itu anjing ya kok w kira selama in beruang;1
    suara anjing bukan desah;1
anjing;1
anjing ternyata masih di kantor;1
gw bilang lo diem deh anjing lo tau kata arti normal ga sih;2
before after nya lucu anjing ;0
tapi fotonya foto hc anjing itu kan fc cowok guwa;1
 yang bilang kejahatan ada saat ada kesempatan tai rumahku pernah dibobol orang dia bawa meja buat nyongkel jendela seniat itu padahal rumahku selalu dikunci rapat banyak orang pinggir jalan ya emang niat ya anjing liat reply bikin emosi;2
 meja anjing  parah bgt gua hancurin mejanya;2
anjing bangsattt bangettapa mundur aja kali yacape juga engga di hargai gini;2
yeuu ttp aja pake pembelaan si anjing salah mah salah aja kalii;2
anjing ni laptop error mulu kalo gua kayaan dikit mah udah gua jadiin talenan aja ni laptop;2
get yourself a miyel tp miyel versi lain jgn pacarku anjing;2
 jahat anjing jahat dh lh mls kontol;2
kayak ada anjinganjingnya ;2
anjing ;1
siapa tahu ada shelter yg bisa nampung atau ada yg mau adopsi anjing;0
kesel anjing bebek gajelas lu mati aja jadi bebek goreng kesukaan mak gue;2
probably the first and the last time ill ever step foot in geylang bazaar this yr bcus the crowd and heat is jst too overwhelming fr me aku jalan sikit dah berpeluh anjing kaki dah sakit ;1
 asli kalo ga kaos anjing ya kaos kucing fakk;2
 anjing dah;2
cw  cheating  harshwords udah ngasih trauma diselingkuhin kok sekarang malah nanya udh punya pacar belum  girl u sangat kocak anjing dikira trauma diselingkuhin sembuh dalam dua bulan wkwkwk ya tuhan jujur gue sayang bgt sama lo but i deserve better bye rl;2
  anjing lu benci banget liat mukanya;2
 anjing mmf yah itu baru sadr bacaannya kanjut bukan lanjut ;2
anjing pen gua maki tau ga;2
anjing lah baru balik jam segini;2
serem banget anjing mana ngomongnya sambil senyum;2
 tolol emg gw kesel bgt anjing;2
pertemanan di kuliah emang anjing;2
gapapaa yaudah gapapa its okay tapi sebenernya gua udh gaada energi lagi untuk ladenin hal yang bikin gua sakit kaya yaudah lah cok anjing;1
 gimana mainnya tumben td dion versi bener tau biasanya disuruh gambar anjing malah jd semut sumpah;1
emosi bgt anjing;2
 h word  horny atau bisa jugaa kata2 kasar kayak anjing lo;2
gajelas bgt to the point aja kenapa si anjing;2
 nah kurang tau kalo anjing tapi paling aman modelan whiskas gitu gak sihkalo di komplek gw kucing suka masuk dapur orang sama ngacak2 sampahgw kasih makan ya udah anteng;
njir ini anjing yang bonk itu ngapain ada di twt web ;
 boleh request ratna anjing ngga;
 anjing mnet;
sabar iya sabar tp ttp aja dlm hati halah anjing ;
kok anjing;
   ternyata  cuma jadi anjing toh kasiaaan;
anjing di bilang kagak bisa;
 anjing bngtt gua panik anjg;
serba salah anjing;
my love cintaku cowoku my man gue sayang bgt sama lu anjing lu harus debut tai kalo ga gue galau seabad;
doge anjing;
  ada pepatah mengatakan jalan2 ke kota tasikjangan lupa beli keripikkalo kamu mau ke diskotiktasik eksentrik tp anjing juga dikit;
 kaga anjing buktinya dia malah balikan sm mantannya pdhl cakepan gw;
heh tolol jahat banget ketikan lo najis untung cika nggak peduli dan bomat ya kalau dia sampe bawa perasaan gue ngajak ribut lo sumpah gak terima gue adek gue digituin jahat banget bangsat sok suci ngaca dong anjing lo juga otak aja nggak punya;
 ni anjing danus itu bkn si;
 hapus anjing jangan dibawa ke tl;
wah anjing;
udh secakep ini anjing cowo nya masih gatal diaaaa fakk aku kesalll sama org tukang selingkuhhh;
anjing punya mantan gini bgt;
anjing betina ;
 jangan minta maaf nder yang salah mnet emang anjing;
anjing;
 dih anjing mukanya mengundang buat di pukul;
 lu juga gapuasa ya anjing;
 aku mah anak mamah yg di didik untuk ramah da aku mah budak bageur bukan gangster yg suka bikin orang lain gemeter anjing gojlag kitu goblog si useng keur ngebol tong gerengseng bisi ka besbol tirizzz anjing;
  anjing;
 eh anjing ganteng bgt ya allah ganteng bgt beengsgggggehehehbebr;
  ya allah mnet anjing  anak guaaa ituuu napa ga lu pajang jugaaa ya allah baby jongwoo ;
fuck being the bigger person lah anjing ayo kita ke kosan dia terus tonjokin mukanya;
anjing laaaaah;
anjing batuk gw;
 lengkap ga lengkap tetap aja klakuannya anjing minimal tuntutlah mbak;
 anjing luuuuuwksknsnzmwkak;
 aku acara formal gapunya tas formal kapan2 beli shoulder bag dehtkpr halo kami rilis shoulder bag nih aku anjing;
gua td abis bikin au anjing dibikin panik sama menfess gajelas;
beneran jdi anjing ya skrang twitter ;
anjing brisik;
 wkwk kaya single father jobless kerjanya nganter anjing ke tk terus nongki disungai han;
kita semua butuh teriak anjing minimal 1x dalam sehari;
kenapa sih start nya di ambil orang anjing arghhhh;
sedih liat anjing valenn;
  jangan motong dulu anjing;
kek babi lah cowo ini anjing;
gausahhh ngechat anjing;
monyet anjing bangsattttttt mau ngetest gue tolol murah;
bahasa crb nya anjing itu kirikkadang candaan gimna pun  ketemen pun manggil nya kirikmendi rikartinya keman jingkalau gk biasa dgn watak mreka pasti mledakuntuk aku diajarin sabar;
anjing sumpah gapernah se nyesel ini dalam hidupngapain sih aku dulu wid tololll max;
anjing circle apa ini;
anjing malu ngetiknya but finally i hold her hands again;
 lah masalahnya kn si anjing yg d bunuh itu kan dr bini nya mas secara dia cinta bgt sm bini nya ;
 dari sekian banyaknya hewan kenapa harus anjing;
 pantesan ada emot anjing;
anjing lu pernah mikir ga orang yang hate nomin mahae jaeyong ga jauh pasti fansnyaa itu;
   semi kafir semi munafik cuma lebih dominan sbgai  anjing kurap nkri harga sembako ;
cape anjing udah lama ya gue ga ngerasa kaya gini udah hampir 2 bulan kepala gue tenang tapi yall fucker gue doain tiap hari kuburan lo ditaiin orang anjing kesel;
 si anjing klu ga di hukum  mati  keterlaluan kayaknya  turunan  pki  dia  ini;
lah anjing kok muncul di who to follow jangan ;
bangsat ni film gelap banget anjing gua sama sepupu gua shock berat kontl kena mental;
  cucukin anjing;
    gw nahan emosi bgt liat video ini kalo gw disitu pengen gw jedotin palanya ke tembok sampe mati anjing kyk gini kalo masih dikasih kebebasan sih kacau;
stress anjing dah kayak psikopat;
 gue pernah gue bentak balik lah anjing;
anjing be like bangg udah bangg gua mau makan kesedek muluu  ;
anjing;
gue benci banget dah kalo ada orang ngerokok depan gue soalnya aku anaknya gampang sakit alias kalo abis hirup asep rokok langsung batuk anjing;
kak dek ntod goblok anjing kntl anak setan biang masalah anak gak tau diri item slavic nigga wibu cengeng dll banyak dah tergantung kondisi dan orangnya;
aaaaargggh badjingan gue benci perasann ini anjing fuck;
aiku a nya anjing;
ini kamar di atas gw lagi gulat atau ngentot brutal anjing sampe kedengeran berisik banget bangsat udah jam segini;
anjing;
ini burung kenapa berubah jadi anjing;
mau dikatain apa anjing itu sender base nya;
  anjing alan gua kangen elu lu masuk unpad kaga lan;
temen kelas lo bangsat y anjing;
 anjing lu;
ga paham kah gue lagi cemburu anjing;
 tolol banget anjing heran;
ah udahlah biarin aj buang2 duit aje anjing duit gw ud abis;
kacauu bete bnget anjing;
 perasaan usn gua normalnormal aja anjing;
si lia beli singkongpulang nya ketemu bajingeh lia lu jangan songongtingkah lu kaya anjing;
wifi anjing gbs ngirim tugas;
mager bgt yg mo keluar beli rokok lagi anjing baru juga beli;
balik lagi ini anjing he secara di sini muslim semua kagak ada yang pelihara anjing jangankan anjing pelihara kucing aja kayaknya kagak ada jadi bingung e;
sepele anjing;
  btw gue udah sarjana makanya gak bego halah anjing paling joki skripsi;
 jangan dirusakin yh anjing bajunya;
mnet ini emang anjing betul;
  eti anjing;
jadi orang pemalas itu gak baik anjing;
pls anjing bgt hdup gw;
anjing ni bocah;
 udah anjing;
 anjing;
kalo gabisa nepatin gausa janji anjing;
 anjing menggonggong rizieq lewat;
anjing tolong gua dibilang nipu;
anjing;
konyol banget anjing;
orang kenapa kaya anjing;
demi allah gue marah banget maksut lo apa mba anjing pls jangan malu maluin ava id sm dn lu yang mana bias gua semua bajingann itu hanni mingyu haechan sayangku shut your fucking mouth and finger bangsat;
yg ngajak berkompetisi sp anjing lu udah menang kok tenang aja;
 salah yg editor sama mnet nya yg nayangin sc gabisa adil anjing bgt;
bokap gue twitter kok jd anjing sih aneh bgt emg anjing bisa cuit ;
 oh anjing gw kena ama yg atas;
orang gila mana yang berburu hewan jam 11 malam di pemukiman warga maksud urang nya emang daerah urang teh leuweung tapi teu moro wayah kieu oge anjing karunya bapa geus gawe aya orok can ibu nu isuk kudu masak saur terus sia jeung anjing sia gandeng jelema tolol;
anjing lagi bicara;
saya gaada ya nyuruh org untuk melakukan suatu hal yg tdk dia inginkan demi saya kok bisabisanya buat omongan kek gitu anjing;
gak alexandra ya 2112 kyk tu lagu kalau bs ngomong udah nangis stop anjing stop gak;
           emang anjing sih fiki;
gue liat udah dua orang aja yg bilang gue turunan bule padahal bule dri mana nya anjing gara rambut gue sedikit pirang di sangka turunan bule bulepotan iya ;
me  hear security outsidealso me  mampus tetangga tolol udh malem kalo pulang lewat koridor berisik harus banget ngobrol kenceng pelihara anjing pula suka barking sembarang padahal gk boleh;
why my akun sepi kek kuburan yu komen dong lebih suka anjing apa kucing;
anjing bnerwn gw kaget;
temen kuliah gue di univ lain udh pada libur meanwhile gue h2 baru libur anjing;
mnet anjing demi apapun gue kira ini bakal jadi episode terbaik yang gue tonton ternyata episode yang berhasil bikin gue nangis emosi;
brengsek gue gajadi pgn punya suami tni gue nangis bgt liatnya anjing gue bnr nangis kejer brengsek luuuuu gue gamau lu mati pls bgt pls ;
bacot ko anjing oke kali kau doxxing anak org skrg ngetik gak lengkap halahhhh halahhh;
pengen gitu kerja diem2 aja gak koar2 di sosmed tapi ya gimana anjing kerjaan gua bikin konten dituntut share dituntut rispek;
gue pas nntn festa bnrn posisinya baru pulang foto brg sm tmn gue di block m dan gue fikir itu video yutub akan membuat gue happy pas smpe rumah malah kejer anjing mksudnya apa tbtb bilang mrk maw hiatus dulu hah;
 anjing;
mau pushrank tapi mager banget anjing jam segini isinya bocil nunggu sahur;
jijik bgt anjing;
males anjing ngeultinya langsung gitu;
 kamu anjing poodle nya;
  sbut pasal engko ke anjingsianhahahah;
 gamau anjing;
 ada lany 1975 anjing kata gue mah anjingggggff;
udah lah kau disuru makan tai ttep kau telan jgn buat cerita atau alasan anjing krn yg brjuang itu bukan kamu tapi anak2 mu yg ingin mbuktikan mereka itu bs brjuang;
tiket babymetal ni apa ya ngentot cepat kali abisnya anjing;
          anjing;
semenjak kejadian itu gue kalo mau keluar liat kondisi dulu ada dia lewat apa engga kalo ada ya mending ga usah keluar dulu dan juga gue seminggu gk bisa tidur karna terngiangngiang itu anjing takut bgt gak boong;
eh anjing nara lu jangan begitu ye gue udh pernah memandang secara langsung dengan mata kepala gue sendiri ga lewat hp lagi ;
pgn anjing anjingin semua org;
ah anjing ngeselin semua bajingan;
  mendingan dikejar anjing drpd dikejar kejar sama mahluk antah berantah gini;
lucu banget malem ini hahahahaha anjing bgt hidup gue ga dikasih jeda ;
 anjing;
 anjing;
tolong banget ini mah kalo punya gebetan pacar bahkan tunangan jangan dm gue ya anjing pergi jauh dari akun gueee;
 anjing mau di apain cwo gue;
  gak jelas anjing kodok bedakan;
anjing rokok gw kena air pdhl masih banyak asu;
lekaslah ditembakkan ke wilayah us tu biar lekas musnah negeri para anjing kurap itu;
mnet lu benerbener anjing;
anjing gua trauma banget;
ya allah ya rabb ini apaan anjing somi yunjin kazuha sebelahan ;
kok tiktok gue tbtb pake kode ya anjing;
 penyakit menular anjing;
anak anjing;
yang kemudian menjadi masalah ini anjing makin kurus sementara kami gue sama nyokap gak tau mesti gimana mau ngasih makan tapi bingung masalah pernajisan bingung juga makannya apaan lalu labil kalau dia tibatiba jadi suka nongkrong rumah kita gimana;
babi bener kalian jingan ngasih tema mepet mendadak dasar ga tau diri ah anjing;
emang paling aneh anjing ini orang satu dari dulu udah narkoba dll masih aja kasih panggung stress;
anjing gajelas bgt ;
jgn tiba nyuruh ui anjing dikata gue bisa apa;
 gelo anjing ih stres eta bapak2;
anjing  ;
 kalo gw uda ngereog nderdan untung cwo gue pengertian kalo uda janji ya bakal ditepatin bahkan kalo libur ya seharian bareng itu dasar cwo km ga tanggung jawab so anjing;
 anjing;
 anjing bang ;
beneran anjing udh gue cabut bangsat;
anjing jajis  stop gak lu tai;
 yang reg anjing sedih banget gue kira gak bakal ada yang carat ver ;
anjing tai babi ngentot nih bocah tukangngebut rmh kontrakan nomor4 pakai yamaha nmax pcx b 4730 kny pulangvjam 2252 td sengaja ngebut kencang banget bikin gw kaget ngentot bangsat mampus lo bocah nanti amin yra;
buset  lambat bener  anjing bener;
  kalo di mention jawab anjing;
anjing siapa sih creativenya;
ya ampuuunnn anak baik semoga ga lapar lagi yahh sekalian jagain komplek semoga mama kak adit banyak rejeki selalu krn bantu kasih makan si anjing baik ;
orang ribet mati aja anjing;
 anjing bekam manual;
  apasih anjing halu sia goblogg fak kesel banget;
 knp hrus anjing;
  tetap menggonggong pakuntuk kebutuhan keluarga andawalaupun dari hasil mencuri yg di lakukan majikan andaluar biasa piaraan rafael alun nisemangat tetap jadi anjing yg setia;
ini anjing benarbenar gak ganggu selain kerjanya ngacakngacak tong sampah bahkan sekarang kayak nurut gitu misal gue nunjuk area depan rumah yang memang masih ilalang dia tautau nurut dan diem aja di situ kayak sembunyi sambil tidur;
 anjing;
 gw pikir homo anjing;
  najisss tolol pede aja lu cerita senyam senyum malu anjing sama umur;
kesel tapi nyageuslah tapi bae ngomong anjing teu sih ;
anjing pen nangis bgst;
 diperuntukan untuk anjing si sei jadi manusia ga cocok tinggal situ;
3;
ih anjing lu ;
 tunjangan kinerja juga dikorupsi yang ngekorupsi tukin anjing memang;
 wkwkakakakakajajakaka ini lucu banget anjing;
bapak2 banget gw liat review impact cordless anjing;
stop being people pleaser anjing;
 wkwkwk anak anjing;
 anjing;
 ada f kebalik sama anjing;
twitter tuh emg ada meme anjing ini kah ;
  nih haluuu banget anjing ;
 anjing meme keren;
eva ni anak anjing kah baru baca udh emosi loh sy;
dah ga ngerti lagi gue punya temen anjing kayak mereka ini  ;
eh apatuh anjing kok ad yg ngirim di west base gbk taylor anjing tp diapus;
  batto anjing kurapsemoga lekas matu kau;
makanya kalau nyokap ngedenger anakanak teriakteriak ngejerin anjing ini nyokap yang negur kayak  anjingnya jangan diganggu ya nak kan anjingnya diem aja biarin aja nanti kalau diganggu dia gak jadi baik lagi jangan ya;
 gue tadi udah dapet hot dog sama kaos kucing eh malem ini balik kaos anjing dan burem banget padahal udah pake kacamata;
 fitnahh aku bilang anjing doang;
 wah anjing maju lo babi;
anjing abis pulang misa tadi di gereja yang duduk depan gua ada orang pacaran clingy banget selama misa mengganggu konsentrasi asli kan gua jadi iri ya anjir;
sehari dua hari gpp ya tu anjing wara wiri tp masalahnya udah fatal najisnya brooo;
licik anjing udah ada behind di recording studio ga ditunjukin partnya pas highnote ga di shoot soalnya mnet takut ya part jay viral lagi kaya pas lmr cie takut cupu anjing;
ini gerudug kantor polisi dan bawa kabur mereka yang ditangkap bisa sih terus gebugin semua polisi tololnya dan gantian diikat kayak gitu anjing lah;
 w;
elon pls twitter gw knp logonya jd anjing gini;
takut bgt anjing tapi pls lanjutkan ;
woi gila anjing plot twist nya sinting;
yaudahlah anjing;
 anjing pedofil;
  isinya orang kaya kammu sih gaa makanya di ganti anjing wwk;
namun anehnya makin ke sini justru nyokap yang sebal banget kalau anakanak kecil di sini apalagi anakanak yang sengaja masuk ke lingkungan klaster cuma untuk ngejarngejar anjing inisoalnya ini anjing ngga rewel ngga gonggong ini sih yang membingungkan dan anteng;
emejing sih manusia kerak telor modelan lo ada yg apal sampe tahunnya loh njir emejing seperti anjing;
somi yunjin anjing;
  oiya anjing;
sekarang logo twitter bukan burung lagi ya tapi anjing;
anjing gak kuku gak nana tiap ngeliat aiden kroll;
 bacot anjing minta maaf masih aja ada pembelaan nya tai;
anjing ah;
 serem anjing;
          kak arinji a nya anjing;
 mas tadi juga kek gtu anjing mlsin;
      sok pintar ko goblokanjing kurap sj bicara yg tdk ko ngertikencing sj belum lurus ko oon;
 anak anjing emg;
 pantek anjing memek emosi gue baca subnya;
 wkwkwk anjing dah;
 yeu makannya anjing tolol kok di ingu udah goblok stres pula banyakin tobat dah ;
 gausah minta maaf nder episode ini mnet anjing bgt bgst sebel;
anjing halu bgt lu najissss geli bgt cok;
ini orang kayak anjing gila lu sialan lu kali yang ga sekolah dapat karma ntar lu;
   anjing mau tak misuh;
ive met a lot of virgo girls in my life tapi kate di this is us ini beneran virgo anjing sih ada virgo enteu di hidup gue tapi kalo kate ini beyond sih i cant stand her kesel banget gue dari dulu season 1 sekarang baru lanjut season 5 kayakgabisa bangetttt;
 pansi jadul bgt anjing;
cancel culture kadang emang perlu sih sok ganteng anjing;
anjing serem bgt ni om ngomong kek kaga ada rasa bersalahnya gt anjir ngeri banget;
 mang anjing;
anjing;
punya ortu kontol tolol anjing goblok;
      ini tampang si rio gapake masker aja udah keliatan gendut burik sama pesek mana masih pake iphone 7 wkwkw miskin pula cewe mana mau ngendus kalo kaya gini mah anjing aja ogah keknya ;
 gak ya anjing;
 monyet anjing gua ngedate sama kaka;
 stop anjing;
anjing hari gue terus yg ngalah  bangsat;
  emg acc gblk anjing sehari ga limit kayanya bukan acc gua bgt;
 my bias seungmo  bcz belio ini aura nya sangat mahal my vocal king suaranya meluluhkan hatiku dan tingkahnya yg seperti anak anjing itu membuatku gemaz kim seungmin situkang jeplak tapi aku lopyu wkwkwk tysm ka ga nya sehat selalu ;
yap seperti biasa halo twitter gue kembali dengan perasaan campur aduk kaya adonan seblak dengan batagor anjing babi bangsd;
cerita tentang si anjing baiksebulan lalu klaster tempat tinggal kami kedatangan anjing entah siapa punya yang hobinya ngacakngacak tempat sampah dan lelarian di taman klaster sinisemula nyokap agak gimana gitu karena ya ini anjing dan di klaster banyak anakanak next ;
  lu ini meki tester y anjing;
  ni orang odgj anjing takut banget gue tolong;
 klo yg kyk gini dtg di indonesia timur buat spt ini di jamin satu panggung ini di panggang dan di kasi ke anjing;
anjing;
anjing kaget;
 anjing;
 anjing gue ga ngapa2in;
morgy anjing bisa lagunya jangan sedih;
gue males banget anjing lagunya;
 ya gausah dilakuin anjing kalo jijik aneh bgt;
gua takut beneran anjing ini mah kayak ngeliat sirkel mean girls x ngabers from middle school lagi ada acara bukber buat ytta fakkk;
ni setiap gue ngetweet omongan kasar sama ngehujat orang bodoh ngapa selalu banyak yg suka anjing;
 aduh anjing lu gw bungkam dengan dolanan game ajalah gw bete kenangan memalukan gw lu kuak didepan umum;
udah stalker pedo pula anjing bat jadi orang jail him asap;
 emg anjing jauh anjing;
anjing cantik bngt cok ;
  apaan anjing itu;
belom lagi telat dikit lambat dikit atau ada yang lupa suka sumpah serapah suka ngatain ga guna suka ngatain tolol goblog anjing nanti kalo di protes salah diam aja pun akunya yang gila;
 lu bayangin anjing klo rumah lu disamper fans fanatiknya;
buset anjing 300 likes woy ngapain jangan banyak gue takut;
asu bawaannya pen nangisss terusss anjing ngentot;
  pedo anjing;
 gw stress tp mnet anjing ga nampilin jancok;
 si monyet yang gak punya nyali ngatain gw scammer tapi gak punya bukti  anak babi ya gini kerjaannya si beban keluarga biadabminta maaf kagak langsung blokir  anak anjing emang agustdsugatour ;
kembali dengan fachri yang konsul pertiketan ya allah gue bingung bgt sama elu anjing;
 gbisa anjing ;
   buktikan kalau mampu pir anjing kapiir;
aneh bgt anjing gw kira www;
 ga sekalian mati aja gituin nder anjing ikutan kesel yatuhannnn gg bgt jadi cowo nder mending cari cowo lain deh kalo udh putus info nder tar kita tumpengan sekalian cari cowo baru spek mark lee ensiti wkwkwk;
   hahaha anjing;
 anjing;
 kok anjing;
 sumpahh bukan salah kamu kok nder bukan salah fansnya matthew juga ini emang pure si mnet aja yang anjing bangsatnya kebangetan;
ini tuh main rp kan anjing;
emang aplikasi anjing ;
goblok bat ni anjing bikin rundown special evel sendiri;
 sini kakak kutuk jadi anjing dulu diy;
ni orang sakit jiwa anjing;
aduh anjing lemah gak bisa diginiin gue ;
cowo apaan ini anjing;
kenapasi anjing mau lebaran gini breakout parah komuk gue sialan;
tapi emang jalanan kuninganpamulang lagi anjing banget macetnya sih malem ini;
si nagi bisa aja anjing;
 anjing don;
 entah kenapa gue tidak ikhlas ya bayar pajak dan makin jijik sama itu seragam anjing banget sampah pas viral baru ada gerakan nauzubillah suatu saat gue ada masalah dan butuh bantuan hukum masa iya harus viral dulu sihgini banget dahkesal anjir ;
anjing;
 emg bener anjing;
  indo mana anjing gua butuh indo;
yatah orang hindu ani agama durang atu sudah menggalakan perpecahan bah kalau dapat dipanggil ugama benda yang durang buat atu mengalahi binatang memang lelaki ni membuat hinduism ani yatah benda sacrifice nya kanak dan wanita anjing;
 anjing gak;
disaat orang lagi sibuk membangun ada aja anjing yg suka mengganggudasar anjing ;
tara stop ya anjing;
kata gua si lo anjingnyebelin bgt emg;
pedo anjing ;
 sok keras si anjing;
  anjing bgtt wkwkwkwkw;
 iyaa jadi anjing;
silly bgt anjing konyoooollllllll;
  anjing;
 minta temenin  nonton berbie kesukaan lu jangan deket benda tajem anjing lu jangan aneh bajing;
 datanya ga lengkap tapi lu tetep nyebarin kan gausah pembelaan anjing;
hari ini lumayan anjing sih kata gue;
tw  pedofil pedophilia pedoanjing elu masih aje ngebela diri tai;
   lagu tai lagu anjing;
anjing lah;
wkwkwk iya w sering ganti nama gojek w tuh pake nama ayah terus tiap order ditanya kok namanya kayak cowo dek ya w jawab aja ayah yg pesenin aku ga punya gojek  pernah ada yg w jawab begitu selama perjalanan dia ngebut marah ga jelas wkwkwk si anjing;
jujur gatau ini sakit banget anjing gue ngapain ya apa ngerokok mnghilangkan sakit mens;
gue real bgt baru nontonnya pas konser bahkan msh ada vid reaction gue wkwkwkw wkt itu sampe gamau buka twt krn leaked kan anjing choreographynya;
ih pacar gue mana anjing;
 lebai pas ni jiwa fitnah jer ada lain daripada tu buat wayang tuduh jari orang lain suruh tunjuk bukti sampai sekarang pun takde cuma anjing cam ko jer pi jilat punggung dia;
 ngaca anjing;
lucu bgt anjing;
 anjing gue ga sadarrrr;
7 ayam driuk hahahaha tanya langit anjing gue bulan puasa menu ramadan driuk to the rescue 8 mie ayam comfort food jg 80 persen mie ayam yg gue temuin enak hahahahahah sekianns;
si anjing masih nanya pulak ;
mau list makanan yang kaya anjing gue gabisa kalo ga makan ini 1 bento comfort food gue bgt anjingg2 piscok lumer ini musti lumer ga piscok yang gulung tp yg kotak yg coklat bnr lumer3 nasi goreng abangabang gue picky bgt soal nasgor yg top masi ini n solaria;
 its literally selek mcm anjing i want to know whos their cameraman sjhsbsnsnsn;
kenapa deket nya pas udah mau lulus si anjing;
 jdnya aplikasi anjing;
anjing mah anjing aja gausa pura jadi kucing;
 aamiinnn mff suka marah2 milih kaos anjing tlg seunghwan debut ;
anjiiiing lo tai kalo anaknya mau dia ga bakal ketakutan gitu bangsat sampe di videoin sia stress anjing psikiater pls go get him ;
babik kelen yaberisik kali mulutmu itu macam anjing menggonggong mencari perhatianbutuh perhatian kau hah kenapa kurang kasih sayang kaujelek kali adabmu ituasu kau ya;
pngn dehhh twice keluarr jyp biar ni fans anjing satu liatt se anjlok apa jyp tanpa twice ;
punya keluarga berasa ga punya siapasiapa anjing semua harus serba mandiri giliran butuh langsung meres seenak jidat;
rin gsnteng babget anjing;
ngartis bgt anjing kwkwkw;
kosong anjing;
anjing mau cemburu tapi bukan siapasiapa sucks ass;
 mnet memang anjing;
 anjing ah mau mu ap ;
dan akhirnya kalo liat tiktok gw nanges cuk anjing bgst fyp isinya bkin nangis cuk;
          blang syg gua anjing;
6423setelah sekian lamakembali berulahtaik babi anjing bangsatmuakkkkbenci bahgettt sampai mati gk bakal nangisinmaaf mah gara2 akuperilaku bangsat itu terulang lagimaaf seharusnya aku dipukulmaaf gk akan  lupain si bangsat itu ;
 entahentah anniversary meme anjing haha;
anjing gs ny gk jelas;
bayangin lu jagain makan kucinglu se aman mungkin tbtb tetanggalu minjem buat berburu tikus anjing sih gue marah bgt mikir anjing itu kl kena tokso gmn;
 yh jdi aplikasi anjing bukan aplikasi burung lgi;
sae anjing;
lah iya anjing memang mnet kntol;
kenapa ya elon ganti load twitter jadi anjing;
aowkekwkaowkekek anjing ;
ah kontol di prank anjing;
seungyoun anjing ;
 yaallah gue kira sambungan dari anjing chihuahua sama regal cookies;
 hotteok maksudku yang kemarin hotteok makanan betulan ya anjing;
anjing;
 congrats anjing malam jumat pula ini kapan yha;
 anjing ;
sakit anjing;
   anjing;
  akdjkajdjw anjing makasi ;
eh beneran dong sekrng burung nya twit ganti anjing ;
 gw ga liat org pelukan samsek malah anjing doang;
anjing baik akan selalu membantu manusia;
yg ngatain gue ga tau diri anjing lo sehari hari hidup di lingkungan rumah gue jgn harap lo aman anjing;
wkwkw anjing emg;
 gua masih di kaos anjing gua udah bosenn;
                   anjing maksdnya apa tot;
cape anjing;
          anjing muka gue full;
anjing  udah susah copy paste kotak anjir ;
 aplikasi anjing;
 its not matthew fault its okay emang mnetnya aja kaya anjing;
knp twt aku ada foto anjing danus;
 anjing sialan;
 dih anjing jodoh cocotmu jiji banget eww dasar pedofil dih gregetan banget pengen tabok mukanya sampe penyet;
 manusiamanusia haman skrng emg kek anjing jga kyknya ga sudi disamain;
 bubarin ajalah anjing dunia ini fak segala sistem yang ada;
  ih anjing udh kek ;
caca anjing diem ga lo siallll ;
semua hrs tau gua spontan bilang anjing;
katanya sudah di sunat tapi kencing aja blepotan ngga bisa kerja pingin jadi plesident kannnn anjing itu ;
demi apa pun w ga kuat makan emi gaga yg kuning anjing pedes bgt gila;
 emosi banget anjing asu mnet;
nak bela anjing tapi tak nak kena kecam dgn orang melayu;
ish ada aja anjing;
 mie anjing tuh mie bentuk anjing kah ;
 iya anjing ditinggal sughoon eh dapet eeseung rejeki banget gue waktu itu;
  kasi lurus dulu kencing mu goblokjgn koar2 kmn2 kencing sj msh kena celana sok mau bcr yg lain ko bodoh goblok anjing;
 anjing mnet;
 wkwkwkw cowo gw follow si abel anjing itu wkwkwkw kemakan cakepnya aj;
 loh iya anjing apaansi mnyet;
what the fuck anjing gue lagi nonton tiktok everybody hates chris;
ih demi apa anjing serem bgt;
  pantesan aja anjing ;
gw gemeter anjing;
hangover parah anjing;
nr aku gapunya motor anjing;
buat org tua luwh bahagia dong anjing;
 pedofil anjing super duper mega gws dah lu cepet mati kalo bisa ;
gabut anjing;
  udahan anjing;
lu kira gw orgny penyabar ga anjing g ngaruh maupun lo org yg gw suka atau yg pernah gw suka bakal gw maki2 klw bikin kesel anjing;
kasarin cya anjingmemek lacur cya sange;
 anjing ngakak abiezz pak;
gua udah muak sama baju anjing ini ;
anjir sinting sender lu harus nanggung sih ini polisinya gila anjing ga ngerti yg namanya base apa emosi;
stress anjing;
 milenial kolot tuh pemikirannyaa anjing banget;
balikin akun gue anjing ;
wkwkw pertemanan anjing;
si anjing ini nyebelin mulutnya tapi bener kepikiran terus dan akhirnya setuju juga gua;
anjing bagian rap nya serius gabisa berenti ketawa;
kenapa jadi anjing sih bukan twitter lg atuh namanya;
anjing beneran cowo ternyata fuck aku tertipuu;
sedih banget anjing butuh di peluk bachira;
 ini lebih gampang daripada kaos kucing kaos anjing;
  setauku sih bbrp ras ada sifat2 tertentu tp kebiasaan lingkungan menurutku paling ngaruh sih kucing kampung bs kok manja bgt dan bsh yg katanya manja jg bs galak lol balik lg ke kucingnyacm yg aku inget maine coon tuh katanya sifatnya agak mirip anjing;
anjing;
kaget buka twitter web loadingnya logonya anjing shiba;
besok pasti galau kali aku anjing kesayangan harus kuikhlaskan karna pindah rumah sedih kali ah;
ttapi cinnamonroll itu anjing kak;
 anjing sakit ni orangg;
tiap hari di kantor sebelahku ngomong shibal ratusan kali kayanyatrus malemnya nonton series isinya jga ngomong shibalnjir lah sakitkek dengerin org ngomong anjing seharian sumpek;
 anjing ;
dah lah out aja gue wkwkwk anjing;
 wkwk anjing gue abi aja gatau siapa demi allah klo abla mah semua favorit yh abla di kb gmn;
modus baru lagi aja goblok kesel aja anjing jadi nya ;
i wish i can do this to my neighbour bodo betul nak bela anjing tapi x pandai jaga  train;
 kaya anjing lebih tepatnya;
dan buat babi yg dm gua maksa ngeship bxg kontol lu geuleuh cuk nyandingin cowo paripurna ame cewe gatel kebelet ngentot kayak idol lu dm gua sekali lagi gua spil akun lu anjing;
anjing;
najis banget anjing;
 kagak ade progress anjing susah bgt memek;
anxiety lagi anjing emang;
demi ya emang ini cuma karakter anime tapi gue gabisa anjing emang siapa yang idup matinya bisa milih coba kshina juga mau kali idup lama sama anaknya gaperlu bawa at least emaknya ichgo idup lebih lama buat jadi seorang ibu dibanding kshina tai lo ;
ajsakwjjssjsjsjsjsj mau ku pin anjing;
 asli aku juga mana anjing meme;
 anjing b 13;
anjing;
ini anjing nih ye kalo sampe ini april mop tapi aku ttp nabung kok;
 tai anjing gak sengaja lewat emang itu elu juga yang ngirim menfess pake real acc ah jangan ngumpet di base gini gua pngen liat bentukan orang cupuivemfs close dm lu yang bikin rules lu juga yang kecolongan gmna dah min;
anjing gue baru babgun tidur ;
ah anjing ternyata gue sendiri gemini  ;
 iya anjing rasanya mau gw jadiin babi guling terus tes kriuk;
aku  ma punya minyak angin ga aku pusing banget rasanya mau muntahmama  hadehh mama dari tadi juga pusing sakit semua badan ga kamu ajakek anjing gua benci banget sumpah;
 bikin verib twitter yang bener anjing;
asik au kiis enesefweanjing kaiser boti bangsat ogahhh ;
  anak anjing;
anjing deep banget cok;
lah tolol anjing justru bos lu si yujin kentod yang butuh treatment otak doang yang gede tuh badan ama kontol juga gedein ;
alm kakek saudara nenek pernah sengaja lepas anjing peliharaan di rumah dan ilang ;
  makanan anjing;
ya gua mana tau anjing;
 ngetawain ini semenit anjing;
 anjing gua ngakak;
 matamu jodoh ga kemana pedofil iya anjing kelakuannya bejad bgt astaga;
 anjing;
gemes banget anjing mau gua cium rasanya ;
 gwe anjing;
anjing gua bete bgt ini request etalase drtd gakebaca mulu anjg bego bgt host nya;
 ikannya diliatin 2 kucing 1 anjing;
cancel nih org dah anjing makin didukung makin ngerasa superior;
gue udah muak dengan tugas mingguan yang gak ada abisnya ini anjing;
jokes kaya gini bangsat bgt anjing;
 kingdom njir gue deg degan abis anjing karena mereka kan gak ada pistol ya ngelawannya pake senjata sederhana gitu dan itu yang bikin jantungan sih orgillll;
 iya ihhhdr kemarin ni anjing sdh show off;
ini tl gua masih aja ada yang lewat masalah jimin kek anjirrr anak manis dan lembut itu jangan di sakitin ya bangsat u kek anjing yang gak dikasih makan dah ;
 you did your best shadi deket rumahmu ga ada shelter anjing gitu ya;
laki tipe anjing ya anjing aja kalo ngomong tu liat ke wajah bukan ke tete bajingannnnnnnn emosi;
anjing emang;
anjing bgttt jayy gwe astagfirullah;
 emang anjing tu elon wkwk;
hasil pengeluaran nevadahari kamis 06 april 2023result 1  6118  shio  anjingresult 2  3890result 3  2097selamat kepada pemenang salam jp;
aku mau ikut ke pulau sumatera itu anjing;
gw tearing up dikit tuh labgsunf pilek anjing dah;
 gua baru masuk kelas aja dosen udah bilang bentar lagi kalian nyusun skripsi anjing gua udah muak;
 ak bengek bgt ngliat twt brubahnya jadi anjing;
 anjing ;
 anak anjing deme ni tox fuck la masing barua;
niat banget anjing yallah tolong soon temuin aku spt cowo ini aamiin;
aoowkwkwkw anjay aku ultah hari ini ya;
apaansih anjing ini cegukan mengganggu banget cokk mana ga berhenti udh 7mnt lebih gue udh coba segala cara yg ada di film marsha and the bear lohh tetep aja nyt;
looo anjing yang gila lo yang buat rencan lo yang emosii;
gw ga salah apa di suruh minta maaf dan ngasih dy duit jajan lu siapa anjing aduh ga jelas lagi aja tolol;
 goblog lu ye dapis anjing bener jadi orang;
apa2 gue yg ngurusin gue yang ini ituin mereka padahal 3 dari 4 anjing itu bukan gue yang mau yg awal2 niat adopt malah gamau ngurusin sekarangcape tapi kalo ditelantarin dosa sebel bgt;
pengen beli baju haram deh anjing;
 aku anjing;
gokil banget yang bawa barang malah dilindungi kagak danta anjing;
 senjaaa senjaaaa tai anjiing ooo senjaaa senja tai anjing ;
        fak laif lah anjing;
awwzkemwkxkdmslw ak klo jdi mbak sowol udah jacinbrut jatuh cinta brutal anjing yohannnnnnnnn ;
anjing knp si dri kmrn gua ngeliat org cipokan mulu;
cust anjing;
 bacot doang gede bilang aja gamau anjing;
jangan bercerai matamu koclok jelas udh dibilang ngeslot selingkuh kdrt pula semua dosa diborong apanya yg kaga usah cere anjing saran tolol masa nunggu mbaknya smp kenapakenapa anjg jgn didengerin ya mbak orgorg goblok itu astaghfirullahadzim marah;
 anjing kaya yang mau biayain biaya after marriednya aja;
 anjing kau bangsat penipu;
anjing ngekek;
ni klo bukber 9 sama 7 jadi beneran sibuk banhet anjing;
anjing paling anjing monyet kampret mana jongwoo gue anjing yaallah jongwoo  mnet sumpaa benci banget takedown plisss tambahin jongwoo nya  ;
ini bs gak si sekali aja temen gue kalau ribut sama cowonya tuh jangan bawa gue kaya pls gue gatau apa ya anjing ;
aaaaaa anjing lucuu bangett pengenn pacarann jugaaa;
its so anjing and so tiring;
  lu jangan kebiasaan anjing;
  anjing ;
 ih anjing;
anjing gara eti ternyataaaa banyak cewe muncul di home;
 yang gak punya anjing gimana bang;
stres banget punya anjing berisik bgt;
apaansi anjing siapa lu ngatur gw;
muak anjing;
ah anjing ngwswln swmua bngke;
  kamu kira aku apa anjing sampe gabisa malu;
 emang ilhae anjing babi tai ah elahhhhh;
sumpah gue gabisa yg enih diulang ulang mulu gabisa bedain baju kucing sm baju anjing ;
bodoh dah bg tau masa dia blh dtg  kau plk arah2 sruh dtg awal  ingt dia ade masa utk layan ko sahaja ke anjing;
  kalo kamu seperti fusion anjing dan babi;
 jawaban saya tetap sama taehyung suga orang yang kuatjimin kedua alasannya kau bisa berenang gaya anjing  jungkook multi talent bisa berenang pastinya;
  anjing;
sumpah yang ngatain kak viddy keterlaluan banget anjing perkara make chara jennie doang di aunya sebagai peran pendukung jd kemana mana tai;
 anjing;
  pantes anjing wkkwkw;
 gajelas anjing si nicol so ganteng doang;
anjing;
the mist anjing;
lagian orang ngape masi pada demen ni cowo sih anjing najis banget tingkahnya;
tolol anjing mau tu data lengkap apa kagak intinya nyebar data org sembarangan tuh udah salah kontol;
pantesan susah ngasih duit umroh nya sama mamah tiri anjing ternyata chuaaaaksssssssss;
kek gmn gitu rasanya anjing bngt ;
anjing lucu;
 thumbnail youtube paling gue benci anjing ;
jangan ngerusak mood gue ya anjing;
 anjing beneran asuw ;
 mantap anjing;
 mukanya serem banget anjing;
 galak bgt anjing;
ah anjing nyebelin banget sih tai;
anjing laahhh kesel bgt gw beneran cok ini ril no fek muak semuak muaknya sampe gua mungkin benci ama orangnya;
 iya anjer uda seneng dapet hotdog sama bawang merah balik lagi ke kaos anjing;
kt mo polungku di biji mata nga anjing;
aneh banget twt skg icon nya anjing;
real kalo ke mall tuh suka salah fokus soalnya banyak cewe cantik banget jadi otomatis anjing cakep bgt nih cewe begitupun juga waktu di kampus banyak sekali cewe cantik cewe cantik bertebaran  ;
nah udh tuh si a jwb  eh gmna b lo bsa kan  trs dia jwb  klo gda ak jga gpp  ada aku gda aku sma aj   tp harus ada aku ya asu  nah trs ak blg lg kmu mlm segtu bsa ga trs kalian tau jawabannya apa  no comment anjing ga lo dia jawab bgtu asu;
 tongkrongan gw dulu gini dan gw tipe yang iya juga iya tapi alhamdulillah gw makin kesini gasuka nongkrong karena ikutan risih dengernyakek lu laki tapi sejablay apa sih anjing sampe catcall strangers;
 yeh anjing giliran gini minta maaf lau memang artis aneh;
  makanan anjing yha ini;
 ini contoh klo pemelihara anjing otaknya jadi konslet ya gunturelu makin hari bukan makin pinter malah makin dongok sih guntur  ;
gaada thankyouseunghwan seunghwan lolos anjing;
anjing lo bikin gue gila hari ini belum yg di sc lirik2 gua mulu selalu eye contact ;
  wkkwkwkwkwkwkwkwk anjing mau mancing ;
  gua kira itu outsi beneran anjing ga jelas bgt;
 ah goblok lu makanya stop sok keren anjing;
apa sih anjing pfp cewek cantik direply sok peduliehbangsat emang orang serba salahpeduli salah cuek salahdahlah;
family issues anjing;
  jangan gitu anjing nanti dia ngambek;
nitizen aneh bgt kontennya gini bela palestine kontennya gitu bela fifa memang anjing gada pendirian;
 anjing gue pukul ya tai;
gw benci bgt tiap disuruh milih kucing topi bajak laut ama kaos anjing buremnya 144p;
begayaan anjing limit mulu twt gembel;
galau anjing tws gw sebelah kiri kagak bunyi asuu sp pake baseus encok wm1 ini tw gk knp gak bunyi sebelah pdhl pakenya ga brutal pernah jatuh tp wktu itu msh bs bunyi;
coba tebak sa dengar lagu apawah benarcrying over you alias anjing;
emang kaka gue ni kontol ya poto yang guenya jelek aja di posting di first nya anjing ;
puasa dah 2 minggu tapi aku bqru seminggu anjing males banget gantinya;
 scam anjing coba yg menang event ini mana keluar kelen;
salting bgt w anjing liat namjoon naksir brat;
keep me in ur back pocket tai anjing ak maunya jd first choice mu;
anak anjing;
sok jagoan banget sih anjing;
cape lah anjing emng;
akan ku lewati meskipun sambil anjing babi anjing babi;
demi apapun juga siapa yang pake foto gue buat main bumble yaa anjing;
anjing mata gw ternodai sattttt;
   lo emg anjing pel;
ada aja yang bikinemosi anjing lah;
ini real bgt anjing;
mending laporin aja itu udh parah bgt soalnya teh kalo di diemin makin ngelunjak mentang banyak yg ladenin dia dan sumpah si jefri kelakuannya ada aja anjing udh nge doxing org segitu parah cuma minta maaf dengan tidak semuanya di sebar kontolll;
 atau kalo gak gini aja kakp  anjing;
anjing;
pls lah gua mau balik anjing motor gua kejebak;
lu yang anjing;
gw emang chindo di tuduh ngaku chindo tolol ga jelas banget anjing;
becandaan ginian gak lucu anjing;
 blog anjing bego ngentotnetizen yaampun kak jgn cerai itu dia keliatan masih sayang bgt ;
anjing gemes banget;
   bacot lo anjing;
 anjing ni orang;
 bener anjir udah seneng dapet bawang atau gk hot dog eh malah balik ke kaos anjing ini;
sial tiba keinget kenangan masa lalu vibes masa lalu arghhh anjing;
 kamu lagi scroll apa scroll apk anjing;
     dare ngatain ca anjing ;
iyaaaa dasar anjing;
 goblok anjing makanya jangan sok keren bgst sok bgt privilege2 tai babi;
koq gt sie km spesies anjing apa;
 anjing lo;
emg harusnya garis hidupnya gak ketemu anjing lah baru kali ini nyesel banget ketemu orang;
baru khhh setelah kaos kucing kaos anjing hotdog sekarang kucing pake topi ;
  anjing bahan meme;
apasih freak ga lucu anjing idol yg debut pas masih muda jelas bener mau gapai mimpinya masalah pendidikan gini bukan lagi lelucon sialan;
anjing;
    dare ngatain ca anjing ;
ni tugas banyak amat anjing;
 anjing;
ini anjing sekali wkwkwkwkwkwkk;
 anjing jangan gini gw berasa lemah;
 yang bener lah anjing kalo minta maaf lo minta maaf tapi masih ngelakuin pembelaan tuh buat apa goblok;
  wore it once outside and never again gerah anjing;
disatu sisi gue gamau iyain ajakannya tapi gue udah menuju gila anjing;
nichol anjing;
 sumpah tp iya anjing lo ini mudong bgt tp kyud aaaa;
   dare ngatain ca anjing ;
flexing flexingkene i promosi anjing;
   udah dikasih feedback sopan belagu anjing;
demi allah ini orang demen banget bikin kaget anjing ;
 mau bilang wah anjing tapi ternyata biawak ;
anjing lucu2 bgt ;
dia sendiri yang maksa deketin aku sama satu cowo kenalan dia sendiri tapi dia juga yang gak terima kalo aku deket sama cowo itu ujung2 nya dia yang ga terima dan ngambek padahal dari awal aku udah nolak ribet anjing;
anjing diam saja jangan banyak cakav;
jelek banget sih fotonya kepotong anjing kesel banget gue;
lah mnet mabok anjing;
 anjing lemper lucu banget tai;
anjing udh punya istri masih nekat cok;
sini anjing lu pada ke kantor pake krl gausah pake mobil dinas plat rf kebanggaan lo itu;
ih gila anjing gue liat dia ;
 anjing;
walah anjingmama sudah mau setahun meninggal baru tau kalau pajak penghasilan mama masih ditagih dirjen pajak sampai bulan ini orangnya dah meniggal masih  ditagih bossspantes bisa beli rubicon ya;
 pantaskan diri untuk diri sendiri peduli anjing dgn orang lain;
wah anjing;
bgst bgt anjing goblok bgt;
ini nomornya tu keliatan kegobolakn gua anjing bener ;
 dare ngatain ca anjing ;
seowontt anjing bs kgk debut ky nct aja pala gw pening;
anjing;
 anjing ;
anjing ini maksudnya lagu lu  ;
manis diawal doang anjing wkwkw;
 wkwkwk udah kek anjing aja kelakuan birokrasi kelas rt di nkri ini;
stres bgt anjing;
yg bnr aj lu anjing;
  ini ngapain anjing hahahhahaha;
anjing ini a perfect fit ceweknya idaman banget broooooo ;
time to say anjing banget;
btw sooha kek anjing;
lahh ini anjing gue bgt ama mantan awas aja balik ntar gue terima lagi lah;
ayo kmu pasti bisaiya anjing bisa gila gueee;
  ahahaha anjing like bgt kata u kak ;
 semoga bisa masuk senayansaya suka gaya psi menjaga apbd dkikadrun dan kadal cuekin ajaingat pepatah anjing menggonggong saduk pakai lars satpol pp ;
 demi apapun iya aku juga ga bakalan marah lagi dapet kaos anjing yang nyebelin itu sampe nanti seunghwan masuk line up final  debut aamiiiin;
fase2 kaya gini boleh diudahin aja ga si anjing gua cape banget gua mulu yg dapet ga enaknya tai gua mulu yg dapet bagian ngalah sama sabarnya bangsat bagian senengnya mana ngentot;
anjing kangen ex;
 anjing pada sakit jiwa;
 anjing;
dgn mewujudkan mimpimimpinya namun disaat ia sdh mantap mengambil keputusan untuk bercerai sofia justru terbangun dan menemukan dirinya menjadi botol minum kucing anjing bahkan orang asing dan itu semua membuatnya bingung;
ga niat bgt minta maafnya anjing;
ih anjing lah pengen tak blok cut off aja sekalian babi lah bikin emosi;
anjing jen udh jen ;
hampir setiap orang dah kaya anjing yang membuatku menjadi anjing fuck myself;
org punya mulut tp gapunya otak ngetik juga hrus dipikirin anjing enak apa engga dibaca sm lawan chat lo;
anjing;
setuju kimia memang anjing;
 astaga sumpah anjing nyebelin bgt orang klo ada niatan pasti set alarm lah seenggaknya bukan ngilang ketiduran g jlas org yg awalnya excited jd badmood ngentot;
 ajarin soal kopi dong tau kopi ini itu ini itu dong boleh lah sekali2 dibikinin kopianjing idup gua gasoal kopi doang tai;
anjing udah dapet ;
  si nikol ini nyari sensasi mulu anjing;
yg agak aku sesali aku org tembung tp sosial butterfly kali anjing semua orang temen deket ku pas pula sempro semua pp usu tembung blum sama kado kadonya;
samping sampingan sama mantan dilampu merah lo kalo jadi gue ngapain kira2 anjing wkwkwkw;
 psikolog  expensiveseventeen  expensive juga anjing ;
anjing;
 cewe ninggalin nikah  cowo nya ga ada kepastian ya mending yg pasticowo ninggalin nikah  jahat ga punya perasaandisaat kaya gini aja cewe masih saja menang selalu benareh bentar anjing anjingitu dia aja lagi chat sama cowo lain dong yaase intens itu lagi;
udah disabarin kaya apa juga kalo tuh orang kek anjing ya bakalan kek anjing gak akan berubah;
 kagak ye anjing ;
jadi si korban ini gak cantik korban dihujat seantero negri membabi buta bukan cuma ngatain sundal atau perek tapi juga nyerang fisiknya emang kalo orang jelek gak mungkin kena pelecehan odgj buruk rupa penuh kudis aja ada kok yang diperkosa rame anjing tetaplah anjing;
but yeah this time proses love someone itu berujung ke gue yg diopname haha and he didnt even say sorry for making me feel that way or saying any reassuring words kek sumpah waktu itu gue kecewa berat tp skrg kek anjing bgt ya gada harganya gue;
 anjing lo;
jefrinichol anjing ;
  wa gue anjing;
ih anjing haruskah gue nyetel exile;
mnet seperti anjing;
   maumu apa anjing;
 anjing lu punya banyak pacar kak;
  emang si monyet bangsat bagong anjing di channel satu;
 wtf anying dan saya mau bilang juga data yg saya post itu ga lengkap minta maaf mah minta maaf aja anjing gausah pake embel its sounds like lu ga tulus minta maaf tho;
anjing mnet;
gw biasanya gak pusing ngemod gw pusing sm anggota lu semua anjing lemes gw ketawa drtd;
nyesel anjing;
 org bisa digebet bnyak org tu gmn anjing;
 jangan mau anjing masa kamu dituntut ke jalan yang sesat;
demi allah sebenci2nya sm org anjing;
lagiii bahkan di hari spesial gw  serius cape anjing;
dunia emang anjing;
 kok dc connecting anjing jelek;
anjing anjinggg;
 gw anjing kah ;
anjing ini lucu bgt;
anjing gua kaya punya pacar dimanamana;
  glorifikasi tai anjing;
tuhan ampun gue ga bermaksud anjir gue kaget  reflek anjing;
 kesel banget sama cowo yang so an ngakak tapi dianya nyari alesan terus ujungnya malah ga jadii ngancurin ekspektasi aja huhu bener kata sender its so anjing;
  anjing iya ;
bukan burung lagi skrg ganti jd anjing ;
 mnet lu anjing banget;
ofang gila anjing jauh dah elu gemes banget gua buset pen gua cubit ginjalnyaaa;
kalo loststreak tu anjing bangsat memek jembut kontol babi banget;
 cantikkkk;
lagi bete anjing aaa;
kenapa aku baru tau kalau burung twt berubah jadi anjing danusan;
    ya lu gausa jualan juga anjing bangsat;
 astagfirullah aku hampir ngetik anjing;
wkkwkww lepasin gua anjing;
anjing or kucing soalnya lucukk;
kangen anjing roh ra sih we;
buat apa sih gw ngegalau anjing;
 gila ya anjing gua kesel banget baca nya kagak jelas banget setan;
 tolol bego kontol anjing bngsat;
mnet gua gebuk ya lu anjing bajingan;
 anjing itu om tolol terobsesi banget;
  bangsat lucu banget anjing;
tapi jaket ayah gue masa couple sm sarah anjing cukup tau;
limit dm anjing;
aduh anjing sakit bgt mewek;
namjoon cakep be t anjing;
  pala lu anjing;
seru tpi agak anjing dikit;
ketusuk tusuk anjing hati mungil gue;
   iya jing w nagih janji luh anjing;
aden lu butuh pacar kedua ngga gue mo daftar ajjsjsjsjsjej anjing lu cakep bgtttttttt;
anjing lower derby;
kenpa sii anjing;
kmk anjing;
kenapa aku buka tele ya anjing ;
 anjing ;
makan ati terus anjing lah;
apalagi harus kerja setelah nikah trus hamil2 diabuse sama bosnya ihhh babi banget trus suaminya b aja anjing najis banget ya tuhan yesus jan kau timpakan hidup kek gt udah berasa kek nobita nikah ama jayko itu kehidupan eek banget anjir;
 beneran anjing;
 iya deh anak anjing goblog luh;
 salah baca nada nes wakakakakq miane maksudnya anjing meme lu bukan anjing lu;
 kakehan asu ya sesuai peribahasaanjing menggonggong kafilah berlaluwey ;
marah2 gue kek berkesan gak guna di mata lo kan  so bodo amat anjing gue bakal tetep perjuangin jongwoo gue;
anjing untung gajadi ikut osnk geo ;
taeyong you were beautiful cover anjing;
mnet n nya emang ngentot banget lu anjing berlian di siasiain;
anjing udah setahunan masih aja kena scam ini 777 rate out  ;
semua orang lg kaya anjing;
 maksudnya mirip anjing meme itu yg bonk ;
gua sayang bgt ama han yujin siapapun yang berani bikin yujin sampe nangis gua bakar idupidup anjing;
hasil pengeluaran nevadahari ini kamis 06 april 2023prize 1  6118prize 2  3890prize 3  2097shio  anjingp1 sah jp 2dshiop2 sah jp4d3d2dselamat kepada pemenang salam jp suga ravanasura info prediksi lainnyawa 081224902638;
vp anjing;
prediksi togel toto macau 12 malam  07 april 2023bbfs  18078cb  8 amp 8shio  anjingjagoan twin  1177883d jitu  1877801088178012d jitu  70801888780887100781prediksitogel prediksitotomacau totomacaupools totomacau lcctoto lcc bandartogel ;
anjing guys;
kapan ya pas jatoh dari motor dua hari lalusumpa sakit banget anjing;
ga paham anjing itu anak mabok dah kayanya;
hari anjing;
 anjing;
image aku rusak bangsaatttttt anjing bener lukh ;
 ganteng banget anjing biar cowo disampingnya terpesona apa gmn;
 minta maaf yang bener anjing masih aja cari pembelaan;
 sialan gw ngakak bgt anjing;
 gue ga ngerti lagi gue ga bisa mendeskripsikan sayang gue ke dia anjing dia segalanya gue mulai detik kemaren;
anjing gua cuma buka base one piece sedikit tapi langsung kena spoiler yang paling penting sedunia;
 anjing;
 anjing gila gak ada otak;
gue gapeduli anjir agama lo apa as long as gue ga nyenggol knp gue disenggol sih anjing ni kecamatan freak banget anjir pantes gamaju maju;
anjing;
 anjing kocak wkwkwk;
 apa anjing;
 loh anjing kafir ;
 mesti diorg rasa diorg gempak en dasar anjing;
anjing;
anjing seru abis gua mau jg ikutan;
anjing 95jt;
anjing ;
anjing taeyong yepposo an ;
  lah anjing;
mnet anjing gw doain lu bangkrut;
bu bos tuh kurang apasi njing lebaran masih jauh thr udh dibagi dobel ngasi parcel jg banyak w jg kurang apaan anjing laki u kurang duit makan rawon jg w bayarin u open table jg w gratisindan u ngatain kita lonte perkara kita lebih bela istri sahnya daripada u sinting;
 anjing kobisa;
gue tau rasanyaaaaaaa anjing bgt emgggg kek mending kl kita cancel grgr lu ada krjaan ketiduran ngentot bgt emang nder i feel u;
sumpah yang digiinin shanbin yang salting gua anjing ;
 lanjutken anjing mengonggong kafilah tetap berlalu;
di tuntut harus punya skill bintang 5 oleh perusahaantapi giliran gajihanmalah di hold anjing banget ;
rudet anjing tanamu nyieun kopi susu ge teu bisa;
playlist itu buat cewe yg diputusin cowo brengsek tapi kaya udah move on rilll tapi kaya anjing;
 anjing nuuuu ahahahahaha;
 anjing;
 anjing;
 dasar anjing israel laknatullah;
woakwiwjzhdkdbwkwkwkwk anjing;
lil salmonella  ratna anjing 120128;
 mungkin karena makin kesini orang2 di twitter udah ga kayak burung berkicau lagi tapi ribut kayak suara anjing ;
badut bgt anjing goblokkkkkkkkkk;
satu abad gue keliling dunia looking for haechan pilek tapi belum dapet juga alias kalo ga cocok ya keduluan mulu anjing kesal tapi gpp harus sabar kalo jodoh mah ga akan kemana kata orng tp gw gtau orngny sp;
 anjing;
di gue masih burung biru ga mau update blm kebiasa sama anjing;
  anjing xena bukannya tobat;
        anjing;
sampe detik ini siapapun yang masih ngefans ama ni orang jauh dh dari idup gua anjing manusia problematik tukang nyimeng gini kok masih ada yang ngefans heran gua;
prediksi togel sweden 4djumat07042023bbfs 58324ai  8324cb  2  4cm  32  42cn  342  824angka 2d  58535254858382843538twins  22  44shio  kerbauayamanjingunsur  tanah  airjam tutup  0500jam buka  0530 ;
anjing;
capek anjing;
taik anjing memori kotor muter terus dikepala setiap saat apa obatnya kapan ilangnya fak udah setahun lebih kapan hilangnya sih;
dari buku perlawanan ala emma goldman sampai buku cinta2an fiersa besari leungit weh anjing teu balik;
